{
    "accuracy": 0.9419670128283445,
    "precision": 0.8223350253807107,
    "recall": 0.7297297297297297,
    "auc": 0.935400948651832,
    "step": 0
}
